year,cropping_system,base_system,rotation,crop_code,water_regime,yield_kg_ha,irrigation_mm,rainfall_mm,n_sites,source_files
1981,MZ | Irrigated,MZ,MZ,MZ,Irrigated,12587.287463976943,235.203530259366,643.2399135446686,2776,1
1982,MZ | Irrigated,MZ,MZ,MZ,Irrigated,10295.3674351585,209.9243515850144,646.5302593659942,2776,1
1983,MZ | Irrigated,MZ,MZ,MZ,Irrigated,5888.061239193084,385.3386167146974,500.37896253602304,2776,1
1984,MZ | Irrigated,MZ,MZ,MZ,Irrigated,9560.5219740634,343.6599423631124,553.1509365994236,2776,1
1985,MZ | Irrigated,MZ,MZ,MZ,Irrigated,10381.674351585014,204.3407780979827,707.824567723343,2776,1
1986,MZ | Irrigated,MZ,MZ,MZ,Irrigated,12341.886167146977,221.70389048991356,627.1458933717579,2776,1
1987,MZ | Irrigated,MZ,MZ,MZ,Irrigated,12689.45136887608,181.28602305475505,726.5893371757925,2776,1
1988,MZ | Irrigated,MZ,MZ,MZ,Irrigated,8478.64553314121,313.328530259366,412.2672910662824,2776,1
1989,MZ | Irrigated,MZ,MZ,MZ,Irrigated,12174.31159942363,188.04034582132564,645.1693083573487,2776,1
1990,MZ | Irrigated,MZ,MZ,MZ,Irrigated,9616.167507204613,292.26404899135446,619.4769452449568,2776,1
1991,MZ | Irrigated,MZ,MZ,MZ,Irrigated,9693.424351585014,353.5842939481268,451.87319884726224,2776,1
1992,MZ | Irrigated,MZ,MZ,MZ,Irrigated,14595.80727665706,124.3065561959654,761.7582853025937,2776,1
1993,MZ | Irrigated,MZ,MZ,MZ,Irrigated,13061.193443804035,95.19092219020172,952.7485590778098,2776,1
1994,MZ | Irrigated,MZ,MZ,MZ,Irrigated,11924.126801152735,274.9369596541787,512.8818443804034,2776,1
1995,MZ | Irrigated,MZ,MZ,MZ,Irrigated,9631.210734870318,211.8335734870317,750.7928674351585,2776,1
1996,MZ | Irrigated,MZ,MZ,MZ,Irrigated,12026.923270893372,150.81952449567723,634.2532420749279,2776,1
1997,MZ | Irrigated,MZ,MZ,MZ,Irrigated,12195.6984870317,208.77161383285303,619.7950288184438,2776,1
1998,MZ | Irrigated,MZ,MZ,MZ,Irrigated,9783.324207492797,197.8836455331412,562.4405619596541,2776,1
1999,MZ | Irrigated,MZ,MZ,MZ,Irrigated,10652.99423631124,218.5158501440922,737.8710374639769,2776,1
2000,MZ | Irrigated,MZ,MZ,MZ,Irrigated,6173.009726224784,317.27305475504323,515.1397694524495,2776,1
2001,MZ | Irrigated,MZ,MZ,MZ,Irrigated,8281.871037463978,292.471181556196,637.2611671469741,2776,1
2002,MZ | Irrigated,MZ,MZ,MZ,Irrigated,8687.320965417868,364.13904899135446,451.57672910662825,2776,1
2003,MZ | Irrigated,MZ,MZ,MZ,Irrigated,8109.966858789626,355.8087175792507,563.6159942363113,2776,1
2004,MZ | Irrigated,MZ,MZ,MZ,Irrigated,13085.208213256485,187.71613832853023,714.3451008645533,2776,1
2005,MZ | Irrigated,MZ,MZ,MZ,Irrigated,10767.35734870317,210.99603746397693,698.0969020172911,2776,1
2006,MZ | Irrigated,MZ,MZ,MZ,Irrigated,8781.996397694524,296.0194524495677,519.0342219020173,2776,1
2007,MZ | Irrigated,MZ,MZ,MZ,Irrigated,9710.599423631123,179.05259365994235,788.2622478386168,2776,1
2008,MZ | Irrigated,MZ,MZ,MZ,Irrigated,12859.515489913543,175.8735590778098,778.2269452449568,2776,1
2009,MZ | Irrigated,MZ,MZ,MZ,Irrigated,13394.98378962536,187.37391930835736,736.2943083573487,2776,1
2010,MZ | Irrigated,MZ,MZ,MZ,Irrigated,10326.718299711816,226.657060518732,665.524855907781,2776,1
2011,MZ | Irrigated,MZ,MZ,MZ,Irrigated,6250.115634005763,357.8350144092219,468.5932997118156,2776,1
2012,MZ | Irrigated,MZ,MZ,MZ,Irrigated,6950.668227665706,433.57348703170027,399.86959654178673,2776,1
2013,MZ | Irrigated,MZ,MZ,MZ,Irrigated,9765.86455331412,239.58033141210376,592.5500720461096,2776,1
2014,MZ | Irrigated,MZ,MZ,MZ,Irrigated,9554.740634005764,239.5262968299712,540.928674351585,2776,1
2015,MZ | Irrigated,MZ,MZ,MZ,Irrigated,11866.287824207491,205.50252161383284,670.0878962536023,2776,1
2016,MZ | Irrigated,MZ,MZ,MZ,Irrigated,11721.363112391931,151.64805475504323,712.8775216138329,2776,1
2017,MZ | Irrigated,MZ,MZ,MZ,Irrigated,12051.356268011526,258.58249279538904,662.6981268011527,2776,1
2018,MZ | Irrigated,MZ,MZ,MZ,Irrigated,11527.234149855907,212.1397694524496,606.5961815561959,2776,1
1981,MZ | Potential,MZ,MZ,MZ,Potential,12588.23090778098,0.0,0.0,2776,1
1982,MZ | Potential,MZ,MZ,MZ,Potential,10295.643011527378,0.0,0.0,2776,1
1983,MZ | Potential,MZ,MZ,MZ,Potential,5888.529899135447,0.0,0.0,2776,1
1984,MZ | Potential,MZ,MZ,MZ,Potential,9560.524135446683,0.0,0.0,2776,1
1985,MZ | Potential,MZ,MZ,MZ,Potential,10381.862031700288,0.0,0.0,2776,1
1986,MZ | Potential,MZ,MZ,MZ,Potential,12342.196325648414,0.0,0.0,2776,1
1987,MZ | Potential,MZ,MZ,MZ,Potential,12689.326729106628,0.0,0.0,2776,1
1988,MZ | Potential,MZ,MZ,MZ,Potential,8478.936959654178,0.0,0.0,2776,1
1989,MZ | Potential,MZ,MZ,MZ,Potential,12174.313760806916,0.0,0.0,2776,1
1990,MZ | Potential,MZ,MZ,MZ,Potential,9616.32060518732,0.0,0.0,2776,1
1991,MZ | Potential,MZ,MZ,MZ,Potential,9693.662103746396,0.0,0.0,2776,1
1992,MZ | Potential,MZ,MZ,MZ,Potential,14595.814481268011,0.0,0.0,2776,1
1993,MZ | Potential,MZ,MZ,MZ,Potential,13061.41786743516,0.0,0.0,2776,1
1994,MZ | Potential,MZ,MZ,MZ,Potential,11924.194164265127,0.0,0.0,2776,1
1995,MZ | Potential,MZ,MZ,MZ,Potential,9631.022334293948,0.0,0.0,2776,1
1996,MZ | Potential,MZ,MZ,MZ,Potential,12026.990994236312,0.0,0.0,2776,1
1997,MZ | Potential,MZ,MZ,MZ,Potential,12195.969380403458,0.0,0.0,2776,1
1998,MZ | Potential,MZ,MZ,MZ,Potential,9783.333933717578,0.0,0.0,2776,1
1999,MZ | Potential,MZ,MZ,MZ,Potential,10653.067363112392,0.0,0.0,2776,1
2000,MZ | Potential,MZ,MZ,MZ,Potential,6173.186599423631,0.0,0.0,2776,1
2001,MZ | Potential,MZ,MZ,MZ,Potential,8282.877161383285,0.0,0.0,2776,1
2002,MZ | Potential,MZ,MZ,MZ,Potential,8690.212536023055,0.0,0.0,2776,1
2003,MZ | Potential,MZ,MZ,MZ,Potential,8110.402377521614,0.0,0.0,2776,1
2004,MZ | Potential,MZ,MZ,MZ,Potential,13085.210734870318,0.0,0.0,2776,1
2005,MZ | Potential,MZ,MZ,MZ,Potential,10769.495317002882,0.0,0.0,2776,1
2006,MZ | Potential,MZ,MZ,MZ,Potential,8786.173270893372,0.0,0.0,2776,1
2007,MZ | Potential,MZ,MZ,MZ,Potential,9710.983429394812,0.0,0.0,2776,1
2008,MZ | Potential,MZ,MZ,MZ,Potential,12860.148775216136,0.0,0.0,2776,1
2009,MZ | Potential,MZ,MZ,MZ,Potential,13395.042507204613,0.0,0.0,2776,1
2010,MZ | Potential,MZ,MZ,MZ,Potential,10327.051873198849,0.0,0.0,2776,1
2011,MZ | Potential,MZ,MZ,MZ,Potential,6252.479827089337,0.0,0.0,2776,1
2012,MZ | Potential,MZ,MZ,MZ,Potential,6952.96613832853,0.0,0.0,2776,1
2013,MZ | Potential,MZ,MZ,MZ,Potential,9766.539265129682,0.0,0.0,2776,1
2014,MZ | Potential,MZ,MZ,MZ,Potential,9555.49387608069,0.0,0.0,2776,1
2015,MZ | Potential,MZ,MZ,MZ,Potential,11866.287824207491,0.0,0.0,2776,1
2016,MZ | Potential,MZ,MZ,MZ,Potential,11721.462536023057,0.0,0.0,2776,1
2017,MZ | Potential,MZ,MZ,MZ,Potential,12051.383645533142,0.0,0.0,2776,1
2018,MZ | Potential,MZ,MZ,MZ,Potential,11527.238112391931,0.0,0.0,2776,1
1981,MZ | Rainfed,MZ,MZ,MZ,Rainfed,7392.963976945245,0.0,637.571325648415,2776,1
1982,MZ | Rainfed,MZ,MZ,MZ,Rainfed,6123.481988472622,0.0,642.5886167146974,2776,1
1983,MZ | Rainfed,MZ,MZ,MZ,Rainfed,965.9164265129684,0.0,480.0756484149856,2776,1
1984,MZ | Rainfed,MZ,MZ,MZ,Rainfed,2832.34113832853,0.0,546.5518731988473,2776,1
1985,MZ | Rainfed,MZ,MZ,MZ,Rainfed,7004.867795389049,0.0,707.5457492795389,2776,1
1986,MZ | Rainfed,MZ,MZ,MZ,Rainfed,6783.459293948127,0.0,624.4614553314121,2776,1
1987,MZ | Rainfed,MZ,MZ,MZ,Rainfed,9219.858069164266,0.0,724.2896253602305,2776,1
1988,MZ | Rainfed,MZ,MZ,MZ,Rainfed,3262.533501440922,0.0,406.946325648415,2776,1
1989,MZ | Rainfed,MZ,MZ,MZ,Rainfed,7490.788544668588,0.0,639.4304755043228,2776,1
1990,MZ | Rainfed,MZ,MZ,MZ,Rainfed,5152.533501440922,0.0,614.9819884726224,2776,1
1991,MZ | Rainfed,MZ,MZ,MZ,Rainfed,1282.1275216138329,0.0,436.0612391930836,2776,1
1992,MZ | Rainfed,MZ,MZ,MZ,Rainfed,11231.56340057637,0.0,753.9095821325649,2776,1
1993,MZ | Rainfed,MZ,MZ,MZ,Rainfed,11762.703530259369,0.0,950.3375360230548,2776,1
1994,MZ | Rainfed,MZ,MZ,MZ,Rainfed,5045.2845821325645,0.0,500.0551152737752,2776,1
1995,MZ | Rainfed,MZ,MZ,MZ,Rainfed,6689.6469740634,0.0,745.382204610951,2776,1
1996,MZ | Rainfed,MZ,MZ,MZ,Rainfed,9674.118515850145,0.0,637.4034582132565,2776,1
1997,MZ | Rainfed,MZ,MZ,MZ,Rainfed,7340.21469740634,0.0,620.5666426512968,2776,1
1998,MZ | Rainfed,MZ,MZ,MZ,Rainfed,7159.319884726225,0.0,561.435878962536,2776,1
1999,MZ | Rainfed,MZ,MZ,MZ,Rainfed,6534.340057636888,0.0,736.328530259366,2776,1
2000,MZ | Rainfed,MZ,MZ,MZ,Rainfed,2835.185158501441,0.0,512.0061239193084,2776,1
2001,MZ | Rainfed,MZ,MZ,MZ,Rainfed,4419.406700288185,0.0,636.8090778097983,2776,1
2002,MZ | Rainfed,MZ,MZ,MZ,Rainfed,2300.306195965418,0.0,445.2060518731989,2776,1
2003,MZ | Rainfed,MZ,MZ,MZ,Rainfed,1076.0043227665706,0.0,509.20244956772336,2776,1
2004,MZ | Rainfed,MZ,MZ,MZ,Rainfed,8621.965057636888,0.0,694.5828530259366,2776,1
2005,MZ | Rainfed,MZ,MZ,MZ,Rainfed,7125.897334293948,0.0,687.6981268011527,2776,1
2006,MZ | Rainfed,MZ,MZ,MZ,Rainfed,2291.0439481268013,0.0,516.9232708933718,2776,1
2007,MZ | Rainfed,MZ,MZ,MZ,Rainfed,7090.282780979827,0.0,786.9610951008646,2776,1
2008,MZ | Rainfed,MZ,MZ,MZ,Rainfed,9098.225864553317,0.0,777.8840057636887,2776,1
2009,MZ | Rainfed,MZ,MZ,MZ,Rainfed,9531.694884726225,0.0,735.6415706051873,2776,1
2010,MZ | Rainfed,MZ,MZ,MZ,Rainfed,6674.261167146974,0.0,660.268371757925,2776,1
2011,MZ | Rainfed,MZ,MZ,MZ,Rainfed,2162.3447406340056,0.0,464.7337896253602,2776,1
2012,MZ | Rainfed,MZ,MZ,MZ,Rainfed,816.2752161383286,0.0,385.578530259366,2776,1
2013,MZ | Rainfed,MZ,MZ,MZ,Rainfed,5138.314121037464,0.0,585.6775936599423,2776,1
2014,MZ | Rainfed,MZ,MZ,MZ,Rainfed,3782.783501440922,0.0,517.2554034582132,2776,1
2015,MZ | Rainfed,MZ,MZ,MZ,Rainfed,8481.3310518732,0.0,666.3202449567723,2776,1
2016,MZ | Rainfed,MZ,MZ,MZ,Rainfed,8954.949567723343,0.0,712.8775216138329,2776,1
2017,MZ | Rainfed,MZ,MZ,MZ,Rainfed,6100.03242074928,0.0,652.6296829971182,2776,1
2018,MZ | Rainfed,MZ,MZ,MZ,Rainfed,6175.600144092219,0.0,604.9805475504322,2776,1
1981,SB | Irrigated,SB,SB,SB,Irrigated,4316.672550432277,215.0756484149856,626.4845100864553,2776,1
1982,SB | Irrigated,SB,SB,SB,Irrigated,4323.229106628242,213.1123919308357,633.524855907781,2776,1
1983,SB | Irrigated,SB,SB,SB,Irrigated,3457.8310518731987,437.1577809798271,522.2384726224784,2776,1
1984,SB | Irrigated,SB,SB,SB,Irrigated,4176.6909221902015,369.0471902017291,550.0724063400577,2776,1
1985,SB | Irrigated,SB,SB,SB,Irrigated,4364.958213256484,237.44596541786743,641.713976945245,2776,1
1986,SB | Irrigated,SB,SB,SB,Irrigated,4099.914265129683,239.1750720461095,579.4009365994236,2776,1
1987,SB | Irrigated,SB,SB,SB,Irrigated,4033.701008645533,180.50252161383284,713.4088616714697,2776,1
1988,SB | Irrigated,SB,SB,SB,Irrigated,3746.4571325648417,377.9448847262248,423.2654899135447,2776,1
1989,SB | Irrigated,SB,SB,SB,Irrigated,4226.39121037464,202.10734870317003,636.7878242074928,2776,1
1990,SB | Irrigated,SB,SB,SB,Irrigated,4223.567363112392,320.7492795389049,618.018371757925,2776,1
1991,SB | Irrigated,SB,SB,SB,Irrigated,3523.193804034582,389.8505043227666,460.5306195965418,2776,1
1992,SB | Irrigated,SB,SB,SB,Irrigated,4665.332492795389,107.0335014409222,692.14265129683,2776,1
1993,SB | Irrigated,SB,SB,SB,Irrigated,4280.758645533141,90.78710374639768,867.5417867435159,2776,1
1994,SB | Irrigated,SB,SB,SB,Irrigated,4204.979106628242,289.22910662824205,505.21397694524495,2776,1
1995,SB | Irrigated,SB,SB,SB,Irrigated,4375.532780979827,241.13832853025937,723.6123919308358,2776,1
1996,SB | Irrigated,SB,SB,SB,Irrigated,4540.155979827089,171.70389048991353,610.9095821325649,2776,1
1997,SB | Irrigated,SB,SB,SB,Irrigated,4571.718299711815,220.25396253602307,595.7503602305476,2776,1
1998,SB | Irrigated,SB,SB,SB,Irrigated,4245.172190201729,262.6621037463977,566.9585734870317,2776,1
1999,SB | Irrigated,SB,SB,SB,Irrigated,4383.543227665706,224.4956772334294,698.1646253602305,2776,1
2000,SB | Irrigated,SB,SB,SB,Irrigated,3696.239913544669,377.86383285302594,519.0133285302594,2776,1
2001,SB | Irrigated,SB,SB,SB,Irrigated,3886.687319884726,337.1397694524496,649.5652017291067,2776,1
2002,SB | Irrigated,SB,SB,SB,Irrigated,3997.112031700288,400.450288184438,464.9643371757925,2776,1
2003,SB | Irrigated,SB,SB,SB,Irrigated,4044.226585014409,401.2157780979827,571.2157780979827,2776,1
2004,SB | Irrigated,SB,SB,SB,Irrigated,4597.278818443804,162.80619596541786,672.050432276657,2776,1
2005,SB | Irrigated,SB,SB,SB,Irrigated,4355.760446685879,234.59113832853023,685.3411383285303,2776,1
2006,SB | Irrigated,SB,SB,SB,Irrigated,3945.713976945245,318.8490634005764,522.4250720461096,2776,1
2007,SB | Irrigated,SB,SB,SB,Irrigated,4661.540706051873,201.45893371757924,764.5385446685879,2776,1
2008,SB | Irrigated,SB,SB,SB,Irrigated,4433.94992795389,179.1606628242075,735.835734870317,2776,1
2009,SB | Irrigated,SB,SB,SB,Irrigated,4790.531340057637,198.64913544668588,687.2896253602305,2776,1
2010,SB | Irrigated,SB,SB,SB,Irrigated,4280.895533141211,246.2986311239193,650.9664985590778,2776,1
2011,SB | Irrigated,SB,SB,SB,Irrigated,3382.594380403458,434.149855907781,477.7719740634006,2776,1
2012,SB | Irrigated,SB,SB,SB,Irrigated,3504.934077809798,512.5810518731988,428.57889048991353,2776,1
2013,SB | Irrigated,SB,SB,SB,Irrigated,4490.15886167147,285.5727665706052,609.2917867435159,2776,1
2014,SB | Irrigated,SB,SB,SB,Irrigated,4305.40742074928,260.653818443804,533.1401296829971,2776,1
2015,SB | Irrigated,SB,SB,SB,Irrigated,4799.524495677233,222.36131123919307,661.9636167146974,2776,1
2016,SB | Irrigated,SB,SB,SB,Irrigated,4573.220461095101,171.4877521613833,687.0108069164265,2776,1
2017,SB | Irrigated,SB,SB,SB,Irrigated,4946.441642651297,274.8378962536023,637.356628242075,2776,1
2018,SB | Irrigated,SB,SB,SB,Irrigated,4372.099063400577,239.3371757925072,612.7579250720461,2776,1
1981,SB | Rainfed,SB,SB,SB,Rainfed,1846.828530259366,0.0,621.6156340057637,2776,1
1982,SB | Rainfed,SB,SB,SB,Rainfed,1525.08969740634,0.0,622.724423631124,2776,1
1983,SB | Rainfed,SB,SB,SB,Rainfed,60.79322766570605,0.0,505.2694524495677,2776,1
1984,SB | Rainfed,SB,SB,SB,Rainfed,392.5205331412104,0.0,536.0799711815562,2776,1
1985,SB | Rainfed,SB,SB,SB,Rainfed,1858.0237752161383,0.0,639.8490634005764,2776,1
1986,SB | Rainfed,SB,SB,SB,Rainfed,1395.71469740634,0.0,573.4092219020173,2776,1
1987,SB | Rainfed,SB,SB,SB,Rainfed,1905.340057636888,0.0,700.6134726224784,2776,1
1988,SB | Rainfed,SB,SB,SB,Rainfed,224.05079250720465,0.0,407.3043948126801,2776,1
1989,SB | Rainfed,SB,SB,SB,Rainfed,1337.639409221902,0.0,620.242795389049,2776,1
1990,SB | Rainfed,SB,SB,SB,Rainfed,793.4884726224784,0.0,611.250720461095,2776,1
1991,SB | Rainfed,SB,SB,SB,Rainfed,186.26368876080693,0.0,450.2899855907781,2776,1
1992,SB | Rainfed,SB,SB,SB,Rainfed,3689.347622478386,0.0,692.0486311239193,2776,1
1993,SB | Rainfed,SB,SB,SB,Rainfed,3543.0695244956773,0.0,866.8836455331412,2776,1
1994,SB | Rainfed,SB,SB,SB,Rainfed,693.5875360230548,0.0,496.4650576368876,2776,1
1995,SB | Rainfed,SB,SB,SB,Rainfed,2120.608069164265,0.0,709.0763688760807,2776,1
1996,SB | Rainfed,SB,SB,SB,Rainfed,2626.056195965418,0.0,604.1343659942363,2776,1
1997,SB | Rainfed,SB,SB,SB,Rainfed,2052.983429394813,0.0,593.7672910662824,2776,1
1998,SB | Rainfed,SB,SB,SB,Rainfed,1411.7449567723345,0.0,564.8007925072046,2776,1
1999,SB | Rainfed,SB,SB,SB,Rainfed,1288.9603746397695,0.0,679.1033861671469,2776,1
2000,SB | Rainfed,SB,SB,SB,Rainfed,238.3861671469741,0.0,514.5338616714697,2776,1
2001,SB | Rainfed,SB,SB,SB,Rainfed,692.4967579250721,0.0,620.4564121037464,2776,1
2002,SB | Rainfed,SB,SB,SB,Rainfed,434.8865273775216,0.0,464.30475504322766,2776,1
2003,SB | Rainfed,SB,SB,SB,Rainfed,118.632204610951,0.0,561.0850144092219,2776,1
2004,SB | Rainfed,SB,SB,SB,Rainfed,2529.511527377522,0.0,665.5003602305476,2776,1
2005,SB | Rainfed,SB,SB,SB,Rainfed,1324.5435878962537,0.0,681.838976945245,2776,1
2006,SB | Rainfed,SB,SB,SB,Rainfed,469.3843659942363,0.0,521.75,2776,1
2007,SB | Rainfed,SB,SB,SB,Rainfed,2389.3890489913547,0.0,758.7359510086455,2776,1
2008,SB | Rainfed,SB,SB,SB,Rainfed,2605.979106628242,0.0,729.9697406340058,2776,1
2009,SB | Rainfed,SB,SB,SB,Rainfed,2189.8321325648417,0.0,675.735590778098,2776,1
2010,SB | Rainfed,SB,SB,SB,Rainfed,1311.9423631123918,0.0,633.3847262247839,2776,1
2011,SB | Rainfed,SB,SB,SB,Rainfed,330.1876801152738,0.0,471.0904178674352,2776,1
2012,SB | Rainfed,SB,SB,SB,Rainfed,84.06159942363112,0.0,423.98955331412105,2776,1
2013,SB | Rainfed,SB,SB,SB,Rainfed,1894.668227665706,0.0,611.296469740634,2776,1
2014,SB | Rainfed,SB,SB,SB,Rainfed,642.8782420749279,0.0,518.9546109510086,2776,1
2015,SB | Rainfed,SB,SB,SB,Rainfed,2180.5979827089336,0.0,657.631484149856,2776,1
2016,SB | Rainfed,SB,SB,SB,Rainfed,2579.634005763689,0.0,672.1415706051873,2776,1
2017,SB | Rainfed,SB,SB,SB,Rainfed,1553.3061959654178,0.0,633.4812680115274,2776,1
2018,SB | Rainfed,SB,SB,SB,Rainfed,1249.7103746397695,0.0,602.6408501440923,2776,1
1981,SB-MZ | Irrigated,SB-MZ,SB-MZ,SB,Irrigated,4758.904178674352,247.0551152737752,,2776,1
1982,SB-MZ | Irrigated,SB-MZ,SB-MZ,MZ,Irrigated,8407.0,335.8159221902017,,2776,1
1983,SB-MZ | Irrigated,SB-MZ,SB-MZ,SB,Irrigated,4104.063040345822,355.0972622478386,,2776,1
1984,SB-MZ | Irrigated,SB-MZ,SB-MZ,MZ,Irrigated,10148.695244956773,400.0,,2776,1
1985,SB-MZ | Irrigated,SB-MZ,SB-MZ,SB,Irrigated,4419.51621037464,319.2543227665706,,2776,1
1986,SB-MZ | Irrigated,SB-MZ,SB-MZ,MZ,Irrigated,10983.740273775216,308.26729106628244,,2776,1
1987,SB-MZ | Irrigated,SB-MZ,SB-MZ,SB,Irrigated,4675.918227665706,236.73451008645532,,2776,1
1988,SB-MZ | Irrigated,SB-MZ,SB-MZ,MZ,Irrigated,12260.878602305476,467.1920028818444,,2776,1
1989,SB-MZ | Irrigated,SB-MZ,SB-MZ,SB,Irrigated,4394.7719740634,330.5835734870317,,2776,1
1990,SB-MZ | Irrigated,SB-MZ,SB-MZ,MZ,Irrigated,15666.956772334292,380.7907060518732,,2776,1
1991,SB-MZ | Irrigated,SB-MZ,SB-MZ,SB,Irrigated,4690.927593659942,331.37608069164264,,2776,1
1992,SB-MZ | Irrigated,SB-MZ,SB-MZ,MZ,Irrigated,10601.0,291.867795389049,,2776,1
1993,SB-MZ | Irrigated,SB-MZ,SB-MZ,SB,Irrigated,4752.849783861671,347.6404899135447,,2776,1
1994,SB-MZ | Irrigated,SB-MZ,SB-MZ,MZ,Irrigated,13890.0,377.4315561959654,,2776,1
1995,SB-MZ | Irrigated,SB-MZ,SB-MZ,SB,Irrigated,4785.118155619596,322.73955331412105,,2776,1
1996,SB-MZ | Irrigated,SB-MZ,SB-MZ,MZ,Irrigated,9750.0,290.850144092219,,2776,1
1997,SB-MZ | Irrigated,SB-MZ,SB-MZ,SB,Irrigated,4756.4452449567725,351.9902737752161,,2776,1
1998,SB-MZ | Irrigated,SB-MZ,SB-MZ,MZ,Irrigated,13499.99387608069,409.6811959654179,,2776,1
1999,SB-MZ | Irrigated,SB-MZ,SB-MZ,SB,Irrigated,4153.0010806916425,462.39193083573485,,2776,1
2000,SB-MZ | Irrigated,SB-MZ,SB-MZ,MZ,Irrigated,14382.995317002882,382.9430835734871,,2776,1
2001,SB-MZ | Irrigated,SB-MZ,SB-MZ,SB,Irrigated,4083.555475504322,293.23667146974066,,2776,1
2002,SB-MZ | Irrigated,SB-MZ,SB-MZ,MZ,Irrigated,8639.0,299.94596541786746,,2776,1
2003,SB-MZ | Irrigated,SB-MZ,SB-MZ,SB,Irrigated,4372.241354466859,336.7615273775216,,2776,1
2004,SB-MZ | Irrigated,SB-MZ,SB-MZ,MZ,Irrigated,12416.906700288184,395.2449567723343,,2776,1
2005,SB-MZ | Irrigated,SB-MZ,SB-MZ,SB,Irrigated,4762.923270893371,348.8742795389049,,2776,1
2006,SB-MZ | Irrigated,SB-MZ,SB-MZ,MZ,Irrigated,12368.0,318.86707492795387,,2776,1
2007,SB-MZ | Irrigated,SB-MZ,SB-MZ,SB,Irrigated,4878.14409221902,275.6844380403458,,2776,1
2008,SB-MZ | Irrigated,SB-MZ,SB-MZ,MZ,Irrigated,9719.0,256.37608069164264,,2776,1
2009,SB-MZ | Irrigated,SB-MZ,SB-MZ,SB,Irrigated,4291.118876080692,269.7586455331412,,2776,1
2010,SB-MZ | Irrigated,SB-MZ,SB-MZ,MZ,Irrigated,12452.0,245.7312680115274,,2776,1
2011,SB-MZ | Irrigated,SB-MZ,SB-MZ,SB,Irrigated,4890.090417867436,209.29394812680115,,2776,1
2012,SB-MZ | Irrigated,SB-MZ,SB-MZ,MZ,Irrigated,10496.0,359.2219020172911,,2776,1
2013,SB-MZ | Irrigated,SB-MZ,SB-MZ,SB,Irrigated,4617.503962536023,354.6649855907781,,2776,1
2014,SB-MZ | Irrigated,SB-MZ,SB-MZ,MZ,Irrigated,12206.0,387.8692363112392,,2776,1
2015,SB-MZ | Irrigated,SB-MZ,SB-MZ,SB,Irrigated,5224.390489913545,374.1534582132565,,2776,1
2016,SB-MZ | Irrigated,SB-MZ,SB-MZ,MZ,Irrigated,8664.0,261.45533141210376,,2776,1
2017,SB-MZ | Irrigated,SB-MZ,SB-MZ,SB,Irrigated,4709.68227665706,312.4729827089337,,2776,1
2018,SB-MZ | Irrigated,SB-MZ,SB-MZ,MZ,Irrigated,13933.666066282422,375.4682997118156,,2776,1
1981,SB-MZ-SG | Rainfed,SB-MZ-SG,SB-MZ-SG,MZ,Rainfed,5944.402017291066,0.0,0.0,2776,1
1982,SB-MZ-SG | Rainfed,SB-MZ-SG,SB-MZ-SG,SG,Rainfed,1877.8515850144088,0.0,0.0,2776,1
1983,SB-MZ-SG | Rainfed,SB-MZ-SG,SB-MZ-SG,SB,Rainfed,276.3562680115274,0.0,0.0,2776,1
1984,SB-MZ-SG | Rainfed,SB-MZ-SG,SB-MZ-SG,MZ,Rainfed,413.3224063400576,0.0,0.0,2776,1
1985,SB-MZ-SG | Rainfed,SB-MZ-SG,SB-MZ-SG,SG,Rainfed,2254.684798270893,0.0,0.0,2776,1
1986,SB-MZ-SG | Rainfed,SB-MZ-SG,SB-MZ-SG,SB,Rainfed,257.6152737752161,0.0,0.0,2776,1
1987,SB-MZ-SG | Rainfed,SB-MZ-SG,SB-MZ-SG,MZ,Rainfed,595.9682997118156,0.0,0.0,2776,1
1988,SB-MZ-SG | Rainfed,SB-MZ-SG,SB-MZ-SG,SG,Rainfed,548.0803314121038,0.0,0.0,2776,1
1989,SB-MZ-SG | Rainfed,SB-MZ-SG,SB-MZ-SG,SB,Rainfed,648.5374639769452,0.0,0.0,2776,1
1990,SB-MZ-SG | Rainfed,SB-MZ-SG,SB-MZ-SG,MZ,Rainfed,1009.235590778098,0.0,0.0,2776,1
1991,SB-MZ-SG | Rainfed,SB-MZ-SG,SB-MZ-SG,SG,Rainfed,1183.9906340057637,0.0,0.0,2776,1
1992,SB-MZ-SG | Rainfed,SB-MZ-SG,SB-MZ-SG,SB,Rainfed,212.75612391930835,0.0,0.0,2776,1
1993,SB-MZ-SG | Rainfed,SB-MZ-SG,SB-MZ-SG,MZ,Rainfed,1026.849423631124,0.0,0.0,2776,1
1994,SB-MZ-SG | Rainfed,SB-MZ-SG,SB-MZ-SG,SG,Rainfed,1781.418948126801,0.0,0.0,2776,1
1995,SB-MZ-SG | Rainfed,SB-MZ-SG,SB-MZ-SG,SB,Rainfed,90.48270893371756,0.0,0.0,2776,1
1996,SB-MZ-SG | Rainfed,SB-MZ-SG,SB-MZ-SG,MZ,Rainfed,884.1653458213257,0.0,0.0,2776,1
1997,SB-MZ-SG | Rainfed,SB-MZ-SG,SB-MZ-SG,SG,Rainfed,925.17795389049,0.0,0.0,2776,1
1998,SB-MZ-SG | Rainfed,SB-MZ-SG,SB-MZ-SG,SB,Rainfed,411.5731268011528,0.0,0.0,2776,1
1999,SB-MZ-SG | Rainfed,SB-MZ-SG,SB-MZ-SG,MZ,Rainfed,284.69956772334297,0.0,0.0,2776,1
2000,SB-MZ-SG | Rainfed,SB-MZ-SG,SB-MZ-SG,SG,Rainfed,1382.573847262248,0.0,0.0,2776,1
2001,SB-MZ-SG | Rainfed,SB-MZ-SG,SB-MZ-SG,SB,Rainfed,80.60086455331412,0.0,0.0,2776,1
2002,SB-MZ-SG | Rainfed,SB-MZ-SG,SB-MZ-SG,MZ,Rainfed,1221.475864553314,0.0,0.0,2776,1
2003,SB-MZ-SG | Rainfed,SB-MZ-SG,SB-MZ-SG,SG,Rainfed,2469.582492795389,0.0,0.0,2776,1
2004,SB-MZ-SG | Rainfed,SB-MZ-SG,SB-MZ-SG,SB,Rainfed,50.09762247838616,0.0,0.0,2776,1
2005,SB-MZ-SG | Rainfed,SB-MZ-SG,SB-MZ-SG,MZ,Rainfed,5857.069884726225,0.0,0.0,2776,1
2006,SB-MZ-SG | Rainfed,SB-MZ-SG,SB-MZ-SG,SG,Rainfed,3063.9052593659944,0.0,0.0,2776,1
2007,SB-MZ-SG | Rainfed,SB-MZ-SG,SB-MZ-SG,SB,Rainfed,415.42399135446686,0.0,0.0,2776,1
2008,SB-MZ-SG | Rainfed,SB-MZ-SG,SB-MZ-SG,MZ,Rainfed,4308.630403458214,0.0,0.0,2776,1
2009,SB-MZ-SG | Rainfed,SB-MZ-SG,SB-MZ-SG,SG,Rainfed,1787.862031700288,0.0,0.0,2776,1
2010,SB-MZ-SG | Rainfed,SB-MZ-SG,SB-MZ-SG,MZ,Rainfed,830.0515129682997,0.0,0.0,2776,1
2011,SB-MZ-SG | Rainfed,SB-MZ-SG,SB-MZ-SG,MZ,Rainfed,9.601945244956772,0.0,0.0,2776,1
2012,SB-MZ-SG | Rainfed,SB-MZ-SG,SB-MZ-SG,SG,Rainfed,4996.384005763689,0.0,0.0,2776,1
2013,SB-MZ-SG | Rainfed,SB-MZ-SG,SB-MZ-SG,MZ,Rainfed,7291.059438040345,0.0,0.0,2776,1
2014,SB-MZ-SG | Rainfed,SB-MZ-SG,SB-MZ-SG,MZ,Rainfed,2399.83681556196,0.0,0.0,2776,1
2015,SB-MZ-SG | Rainfed,SB-MZ-SG,SB-MZ-SG,SG,Rainfed,3327.187680115274,0.0,0.0,2776,1
2016,SB-MZ-SG | Rainfed,SB-MZ-SG,SB-MZ-SG,MZ,Rainfed,2226.9571325648417,0.0,0.0,2776,1
2017,SB-MZ-SG | Rainfed,SB-MZ-SG,SB-MZ-SG,MZ,Rainfed,461.5147694524496,0.0,0.0,2776,1
2018,SB-MZ-SG | Rainfed,SB-MZ-SG,SB-MZ-SG,SG,Rainfed,1054.4755043227665,0.0,0.0,2776,1
1981,SB-MZ-SG | Potential,SB-MZ-SG,SB-MZ-SG,MZ,Potential,13793.0,0.0,0.0,2776,1
1982,SB-MZ-SG | Potential,SB-MZ-SG,SB-MZ-SG,SG,Potential,7907.0,0.0,0.0,2776,1
1983,SB-MZ-SG | Potential,SB-MZ-SG,SB-MZ-SG,SB,Potential,4206.0,0.0,0.0,2776,1
1984,SB-MZ-SG | Potential,SB-MZ-SG,SB-MZ-SG,MZ,Potential,10161.0,0.0,0.0,2776,1
1985,SB-MZ-SG | Potential,SB-MZ-SG,SB-MZ-SG,SG,Potential,9709.0,0.0,0.0,2776,1
1986,SB-MZ-SG | Potential,SB-MZ-SG,SB-MZ-SG,SB,Potential,4473.0,0.0,0.0,2776,1
1987,SB-MZ-SG | Potential,SB-MZ-SG,SB-MZ-SG,MZ,Potential,12093.0,0.0,0.0,2776,1
1988,SB-MZ-SG | Potential,SB-MZ-SG,SB-MZ-SG,SG,Potential,9775.0,0.0,0.0,2776,1
1989,SB-MZ-SG | Potential,SB-MZ-SG,SB-MZ-SG,SB,Potential,4403.0,0.0,0.0,2776,1
1990,SB-MZ-SG | Potential,SB-MZ-SG,SB-MZ-SG,MZ,Potential,15667.0,0.0,0.0,2776,1
1991,SB-MZ-SG | Potential,SB-MZ-SG,SB-MZ-SG,SG,Potential,8564.0,0.0,0.0,2776,1
1992,SB-MZ-SG | Potential,SB-MZ-SG,SB-MZ-SG,SB,Potential,4525.0,0.0,0.0,2776,1
1993,SB-MZ-SG | Potential,SB-MZ-SG,SB-MZ-SG,MZ,Potential,13095.0,0.0,0.0,2776,1
1994,SB-MZ-SG | Potential,SB-MZ-SG,SB-MZ-SG,SG,Potential,10414.0,0.0,0.0,2776,1
1995,SB-MZ-SG | Potential,SB-MZ-SG,SB-MZ-SG,SB,Potential,5101.0,0.0,0.0,2776,1
1996,SB-MZ-SG | Potential,SB-MZ-SG,SB-MZ-SG,MZ,Potential,9750.0,0.0,0.0,2776,1
1997,SB-MZ-SG | Potential,SB-MZ-SG,SB-MZ-SG,SG,Potential,8922.0,0.0,0.0,2776,1
1998,SB-MZ-SG | Potential,SB-MZ-SG,SB-MZ-SG,SB,Potential,4524.0,0.0,0.0,2776,1
1999,SB-MZ-SG | Potential,SB-MZ-SG,SB-MZ-SG,MZ,Potential,9821.0,0.0,0.0,2776,1
2000,SB-MZ-SG | Potential,SB-MZ-SG,SB-MZ-SG,SG,Potential,10195.0,0.0,0.0,2776,1
2001,SB-MZ-SG | Potential,SB-MZ-SG,SB-MZ-SG,SB,Potential,4198.0,0.0,0.0,2776,1
2002,SB-MZ-SG | Potential,SB-MZ-SG,SB-MZ-SG,MZ,Potential,8639.0,0.0,0.0,2776,1
2003,SB-MZ-SG | Potential,SB-MZ-SG,SB-MZ-SG,SG,Potential,8962.0,0.0,0.0,2776,1
2004,SB-MZ-SG | Potential,SB-MZ-SG,SB-MZ-SG,SB,Potential,4682.0,0.0,0.0,2776,1
2005,SB-MZ-SG | Potential,SB-MZ-SG,SB-MZ-SG,MZ,Potential,14153.0,0.0,0.0,2776,1
2006,SB-MZ-SG | Potential,SB-MZ-SG,SB-MZ-SG,SG,Potential,10588.0,0.0,0.0,2776,1
2007,SB-MZ-SG | Potential,SB-MZ-SG,SB-MZ-SG,SB,Potential,4874.0,0.0,0.0,2776,1
2008,SB-MZ-SG | Potential,SB-MZ-SG,SB-MZ-SG,MZ,Potential,9719.0,0.0,0.0,2776,1
2009,SB-MZ-SG | Potential,SB-MZ-SG,SB-MZ-SG,SG,Potential,9516.0,0.0,0.0,2776,1
2010,SB-MZ-SG | Potential,SB-MZ-SG,SB-MZ-SG,MZ,Potential,15303.0,0.0,0.0,2776,1
2011,SB-MZ-SG | Potential,SB-MZ-SG,SB-MZ-SG,MZ,Potential,10220.0,0.0,0.0,2776,1
2012,SB-MZ-SG | Potential,SB-MZ-SG,SB-MZ-SG,SG,Potential,8906.0,0.0,0.0,2776,1
2013,SB-MZ-SG | Potential,SB-MZ-SG,SB-MZ-SG,MZ,Potential,12472.0,0.0,0.0,2776,1
2014,SB-MZ-SG | Potential,SB-MZ-SG,SB-MZ-SG,MZ,Potential,11921.0,0.0,0.0,2776,1
2015,SB-MZ-SG | Potential,SB-MZ-SG,SB-MZ-SG,SG,Potential,7192.0,0.0,0.0,2776,1
2016,SB-MZ-SG | Potential,SB-MZ-SG,SB-MZ-SG,MZ,Potential,12981.0,0.0,0.0,2776,1
2017,SB-MZ-SG | Potential,SB-MZ-SG,SB-MZ-SG,MZ,Potential,9121.0,0.0,0.0,2776,1
2018,SB-MZ-SG | Potential,SB-MZ-SG,SB-MZ-SG,SG,Potential,8856.0,0.0,0.0,2776,1
1981,SB-MZ-SG-WT | Irrigated,SB-MZ-SG-WT,SB-MZ-SG-WT,SB,Irrigated,4758.932997118156,247.0551152737752,,2776,1
1982,SB-MZ-SG-WT | Irrigated,SB-MZ-SG-WT,SB-MZ-SG-WT,MZ,Irrigated,8407.0,335.80691642651294,,2776,1
1983,SB-MZ-SG-WT | Irrigated,SB-MZ-SG-WT,SB-MZ-SG-WT,SG,Irrigated,7386.265489913545,317.54322766570607,,2776,1
1985,SB-MZ-SG-WT | Irrigated,SB-MZ-SG-WT,SB-MZ-SG-WT,SB,Irrigated,4420.047190201729,319.26332853025934,,2776,1
1986,SB-MZ-SG-WT | Irrigated,SB-MZ-SG-WT,SB-MZ-SG-WT,MZ,Irrigated,10983.737752161383,308.2312680115274,,2776,1
1987,SB-MZ-SG-WT | Irrigated,SB-MZ-SG-WT,SB-MZ-SG-WT,SG,Irrigated,9924.981268011526,250.40525936599423,,2776,1
1989,SB-MZ-SG-WT | Irrigated,SB-MZ-SG-WT,SB-MZ-SG-WT,SB,Irrigated,4394.856268011527,330.59257925072046,,2776,1
1990,SB-MZ-SG-WT | Irrigated,SB-MZ-SG-WT,SB-MZ-SG-WT,MZ,Irrigated,15666.940561959656,380.7817002881844,,2776,1
1991,SB-MZ-SG-WT | Irrigated,SB-MZ-SG-WT,SB-MZ-SG-WT,SG,Irrigated,8563.992074927954,337.2208213256484,,2776,1
1993,SB-MZ-SG-WT | Irrigated,SB-MZ-SG-WT,SB-MZ-SG-WT,SB,Irrigated,4752.895172910663,347.6404899135447,,2776,1
1994,SB-MZ-SG-WT | Irrigated,SB-MZ-SG-WT,SB-MZ-SG-WT,MZ,Irrigated,13890.0,377.4135446685879,,2776,1
1995,SB-MZ-SG-WT | Irrigated,SB-MZ-SG-WT,SB-MZ-SG-WT,SG,Irrigated,10150.837175792509,314.8054755043228,,2776,1
1997,SB-MZ-SG-WT | Irrigated,SB-MZ-SG-WT,SB-MZ-SG-WT,SB,Irrigated,4756.630403458214,351.9992795389049,,2776,1
1998,SB-MZ-SG-WT | Irrigated,SB-MZ-SG-WT,SB-MZ-SG-WT,MZ,Irrigated,13499.99387608069,409.6721902017291,,2776,1
1999,SB-MZ-SG-WT | Irrigated,SB-MZ-SG-WT,SB-MZ-SG-WT,SG,Irrigated,7364.861311239193,413.4365994236312,,2776,1
2001,SB-MZ-SG-WT | Irrigated,SB-MZ-SG-WT,SB-MZ-SG-WT,SB,Irrigated,4083.412103746398,293.2186599423631,,2776,1
2002,SB-MZ-SG-WT | Irrigated,SB-MZ-SG-WT,SB-MZ-SG-WT,MZ,Irrigated,8639.0,299.9279538904899,,2776,1
2003,SB-MZ-SG-WT | Irrigated,SB-MZ-SG-WT,SB-MZ-SG-WT,SG,Irrigated,8956.579971181556,304.367795389049,,2776,1
2005,SB-MZ-SG-WT | Irrigated,SB-MZ-SG-WT,SB-MZ-SG-WT,SB,Irrigated,4762.909942363112,348.8742795389049,,2776,1
2006,SB-MZ-SG-WT | Irrigated,SB-MZ-SG-WT,SB-MZ-SG-WT,MZ,Irrigated,12368.0,318.85806916426515,,2776,1
2007,SB-MZ-SG-WT | Irrigated,SB-MZ-SG-WT,SB-MZ-SG-WT,SG,Irrigated,10996.936239193084,267.80439481268013,,2776,1
2009,SB-MZ-SG-WT | Irrigated,SB-MZ-SG-WT,SB-MZ-SG-WT,SB,Irrigated,0.0,24.46865994236311,,2776,1
2010,SB-MZ-SG-WT | Irrigated,SB-MZ-SG-WT,SB-MZ-SG-WT,MZ,Irrigated,15303.0,414.4272334293948,,2776,1
2011,SB-MZ-SG-WT | Irrigated,SB-MZ-SG-WT,SB-MZ-SG-WT,SG,Irrigated,7948.009365994237,319.4614553314121,,2776,1
2013,SB-MZ-SG-WT | Irrigated,SB-MZ-SG-WT,SB-MZ-SG-WT,MZ,Irrigated,12472.0,199.23451008645532,,2776,1
2014,SB-MZ-SG-WT | Irrigated,SB-MZ-SG-WT,SB-MZ-SG-WT,MZ,Irrigated,11921.0,350.19812680115274,,2776,1
2015,SB-MZ-SG-WT | Irrigated,SB-MZ-SG-WT,SB-MZ-SG-WT,SG,Irrigated,7187.948126801152,267.4171469740634,,2776,1
2017,SB-MZ-SG-WT | Irrigated,SB-MZ-SG-WT,SB-MZ-SG-WT,MZ,Irrigated,9121.0,380.4394812680116,,2776,1
2018,SB-MZ-SG-WT | Irrigated,SB-MZ-SG-WT,SB-MZ-SG-WT,MZ,Irrigated,11914.660662824208,399.8378962536023,,2776,1
1981,SB-MZ-SG-WT | Rainfed,SB-MZ-SG-WT,SB-MZ-SG-WT,SB,Rainfed,1197.951729106628,0.0,261.05187319884726,2776,1
1982,SB-MZ-SG-WT | Rainfed,SB-MZ-SG-WT,SB-MZ-SG-WT,MZ,Rainfed,2600.5716858789624,0.0,623.0,2776,1
1983,SB-MZ-SG-WT | Rainfed,SB-MZ-SG-WT,SB-MZ-SG-WT,SG,Rainfed,2267.931916426513,0.0,1080.0,2776,1
1985,SB-MZ-SG-WT | Rainfed,SB-MZ-SG-WT,SB-MZ-SG-WT,SB,Rainfed,137.39301152737752,0.0,2029.9827089337173,2776,1
1986,SB-MZ-SG-WT | Rainfed,SB-MZ-SG-WT,SB-MZ-SG-WT,MZ,Rainfed,1282.760446685879,0.0,2556.000720461095,2776,1
1987,SB-MZ-SG-WT | Rainfed,SB-MZ-SG-WT,SB-MZ-SG-WT,SG,Rainfed,2943.803674351585,0.0,3162.0,2776,1
1989,SB-MZ-SG-WT | Rainfed,SB-MZ-SG-WT,SB-MZ-SG-WT,SB,Rainfed,648.5374639769452,0.0,3915.0,2776,1
1990,SB-MZ-SG-WT | Rainfed,SB-MZ-SG-WT,SB-MZ-SG-WT,MZ,Rainfed,1009.235590778098,0.0,4337.987752161384,2776,1
1991,SB-MZ-SG-WT | Rainfed,SB-MZ-SG-WT,SB-MZ-SG-WT,SG,Rainfed,1183.9906340057637,0.0,4724.3580691642655,2776,1
1993,SB-MZ-SG-WT | Rainfed,SB-MZ-SG-WT,SB-MZ-SG-WT,SB,Rainfed,45.27449567723343,0.0,5809.0,2776,1
1994,SB-MZ-SG-WT | Rainfed,SB-MZ-SG-WT,SB-MZ-SG-WT,MZ,Rainfed,1470.3641930835736,0.0,6205.0,2776,1
1995,SB-MZ-SG-WT | Rainfed,SB-MZ-SG-WT,SB-MZ-SG-WT,SG,Rainfed,3837.832492795389,0.0,6673.0,2776,1
1997,SB-MZ-SG-WT | Rainfed,SB-MZ-SG-WT,SB-MZ-SG-WT,SB,Rainfed,224.63040345821327,0.0,7620.0,2776,1
1998,SB-MZ-SG-WT | Rainfed,SB-MZ-SG-WT,SB-MZ-SG-WT,MZ,Rainfed,1397.3850864553317,0.0,8012.0,2776,1
1999,SB-MZ-SG-WT | Rainfed,SB-MZ-SG-WT,SB-MZ-SG-WT,SG,Rainfed,446.2590057636888,0.0,8296.859510086455,2776,1
2001,SB-MZ-SG-WT | Rainfed,SB-MZ-SG-WT,SB-MZ-SG-WT,SB,Rainfed,80.60086455331412,0.0,9356.0,2776,1
2002,SB-MZ-SG-WT | Rainfed,SB-MZ-SG-WT,SB-MZ-SG-WT,MZ,Rainfed,1221.475864553314,0.0,9846.0,2776,1
2003,SB-MZ-SG-WT | Rainfed,SB-MZ-SG-WT,SB-MZ-SG-WT,SG,Rainfed,2469.582492795389,0.0,10272.75432276657,2776,1
2005,SB-MZ-SG-WT | Rainfed,SB-MZ-SG-WT,SB-MZ-SG-WT,SB,Rainfed,461.7060518731989,0.0,11144.0,2776,1
2006,SB-MZ-SG-WT | Rainfed,SB-MZ-SG-WT,SB-MZ-SG-WT,MZ,Rainfed,1892.9589337175792,0.0,11768.0,2776,1
2007,SB-MZ-SG-WT | Rainfed,SB-MZ-SG-WT,SB-MZ-SG-WT,SG,Rainfed,3803.882204610951,0.0,12238.279899135448,2776,1
2009,SB-MZ-SG-WT | Rainfed,SB-MZ-SG-WT,SB-MZ-SG-WT,SB,Rainfed,0.0,0.0,12933.0,2776,1
2010,SB-MZ-SG-WT | Rainfed,SB-MZ-SG-WT,SB-MZ-SG-WT,MZ,Rainfed,830.0515129682997,0.0,13639.69560518732,2776,1
2011,SB-MZ-SG-WT | Rainfed,SB-MZ-SG-WT,SB-MZ-SG-WT,SG,Rainfed,2506.957492795389,0.0,14128.875,2776,1
2013,SB-MZ-SG-WT | Rainfed,SB-MZ-SG-WT,SB-MZ-SG-WT,MZ,Rainfed,7291.059438040345,0.0,15306.0,2776,1
2014,SB-MZ-SG-WT | Rainfed,SB-MZ-SG-WT,SB-MZ-SG-WT,MZ,Rainfed,2399.83681556196,0.0,15821.40129682997,2776,1
2015,SB-MZ-SG-WT | Rainfed,SB-MZ-SG-WT,SB-MZ-SG-WT,SG,Rainfed,3327.187680115274,0.0,16361.0,2776,1
2017,SB-MZ-SG-WT | Rainfed,SB-MZ-SG-WT,SB-MZ-SG-WT,MZ,Rainfed,461.5147694524496,0.0,17414.91930835735,2776,1
2018,SB-MZ-SG-WT | Rainfed,SB-MZ-SG-WT,SB-MZ-SG-WT,MZ,Rainfed,286.18587896253604,0.0,17716.667867435157,2776,1
1981,SG | Irrigated,SG,SG,SG,Irrigated,8643.61023054755,190.76909221902017,583.7593659942363,2776,1
1982,SG | Irrigated,SG,SG,SG,Irrigated,8439.939841498559,186.52737752161383,606.1974063400577,2776,1
1983,SG | Irrigated,SG,SG,SG,Irrigated,6499.102665706052,361.0050432276657,474.6545389048992,2776,1
1984,SG | Irrigated,SG,SG,SG,Irrigated,8365.166426512968,304.98018731988475,525.9520893371758,2776,1
1985,SG | Irrigated,SG,SG,SG,Irrigated,9202.292507204613,205.9978386167147,602.7381123919308,2776,1
1986,SG | Irrigated,SG,SG,SG,Irrigated,8790.716498559077,220.4701008645533,538.4801873198847,2776,1
1987,SG | Irrigated,SG,SG,SG,Irrigated,8673.775576368877,159.1228386167147,686.6195965417868,2776,1
1988,SG | Irrigated,SG,SG,SG,Irrigated,7442.243876080692,271.0284582132565,395.27737752161386,2776,1
1989,SG | Irrigated,SG,SG,SG,Irrigated,9515.490273775216,207.76296829971184,556.0414265129683,2776,1
1990,SG | Irrigated,SG,SG,SG,Irrigated,9674.764048991354,228.6293227665706,604.806916426513,2776,1
1991,SG | Irrigated,SG,SG,SG,Irrigated,7843.403458213256,334.50108069164264,413.5792507204611,2776,1
1992,SG | Irrigated,SG,SG,SG,Irrigated,10595.906340057636,111.4012968299712,691.5518731988473,2776,1
1993,SG | Irrigated,SG,SG,SG,Irrigated,9226.74279538905,82.88904899135447,841.7766570605187,2776,1
1994,SG | Irrigated,SG,SG,SG,Irrigated,9851.17795389049,250.99963976945244,474.7651296829971,2776,1
1995,SG | Irrigated,SG,SG,SG,Irrigated,8489.529899135447,208.9157060518732,695.9762247838617,2776,1
1996,SG | Irrigated,SG,SG,SG,Irrigated,9061.44992795389,151.73811239193083,577.2013688760807,2776,1
1997,SG | Irrigated,SG,SG,SG,Irrigated,9349.150576368877,193.6599423631124,571.9492074927954,2776,1
1998,SG | Irrigated,SG,SG,SG,Irrigated,8202.798270893372,183.65453890489917,547.4920749279539,2776,1
1999,SG | Irrigated,SG,SG,SG,Irrigated,8723.273054755044,200.03602305475505,661.0223342939481,2776,1
2000,SG | Irrigated,SG,SG,SG,Irrigated,7907.8047550432275,242.58825648414987,510.0731268011528,2776,1
2001,SG | Irrigated,SG,SG,SG,Irrigated,7080.957132564841,289.6613832853026,579.4564121037464,2776,1
2002,SG | Irrigated,SG,SG,SG,Irrigated,7213.745677233429,335.4556916426513,417.62752161383287,2776,1
2003,SG | Irrigated,SG,SG,SG,Irrigated,7510.605547550433,367.9664985590778,436.5108069164265,2776,1
2004,SG | Irrigated,SG,SG,SG,Irrigated,10494.947766570604,139.796469740634,661.0709654178675,2776,1
2005,SG | Irrigated,SG,SG,SG,Irrigated,8721.980187319885,224.4596541786744,653.774855907781,2776,1
2006,SG | Irrigated,SG,SG,SG,Irrigated,7008.230547550433,300.1530979827089,423.8422190201729,2776,1
2007,SG | Irrigated,SG,SG,SG,Irrigated,8089.409221902018,177.12536023054756,736.7705331412104,2776,1
2008,SG | Irrigated,SG,SG,SG,Irrigated,8955.029538904899,170.18191642651297,667.1833573487032,2776,1
2009,SG | Irrigated,SG,SG,SG,Irrigated,10032.16786743516,190.3908501440922,635.2319884726224,2776,1
2010,SG | Irrigated,SG,SG,SG,Irrigated,7723.400936599423,195.56916426512967,582.9329971181556,2776,1
2011,SG | Irrigated,SG,SG,SG,Irrigated,5925.416786743516,305.5835734870317,437.7536023054755,2776,1
2012,SG | Irrigated,SG,SG,SG,Irrigated,6069.712536023055,416.64265129683,347.0940201729107,2776,1
2013,SG | Irrigated,SG,SG,SG,Irrigated,8626.188760806916,220.07384726224785,578.1671469740634,2776,1
2014,SG | Irrigated,SG,SG,SG,Irrigated,8858.67507204611,247.289265129683,462.5385446685879,2776,1
2015,SG | Irrigated,SG,SG,SG,Irrigated,8975.782780979827,187.2208213256484,634.5,2776,1
2016,SG | Irrigated,SG,SG,SG,Irrigated,8067.206051873199,163.33753602305475,590.3883285302594,2776,1
2017,SG | Irrigated,SG,SG,SG,Irrigated,9054.837536023057,212.2478386167147,628.6195965417868,2776,1
2018,SG | Irrigated,SG,SG,SG,Irrigated,9134.197766570604,215.30979827089337,494.9009365994236,2776,1
1981,SG | Rainfed,SG,SG,SG,Rainfed,5812.81772334294,0.0,583.3206051873199,2776,1
1982,SG | Rainfed,SG,SG,SG,Rainfed,4894.543227665706,0.0,601.2759365994236,2776,1
1983,SG | Rainfed,SG,SG,SG,Rainfed,1100.8865273775216,0.0,470.6440922190202,2776,1
1984,SG | Rainfed,SG,SG,SG,Rainfed,2300.7316282420747,0.0,525.9484870317003,2776,1
1985,SG | Rainfed,SG,SG,SG,Rainfed,5704.542867435159,0.0,602.4074207492796,2776,1
1986,SG | Rainfed,SG,SG,SG,Rainfed,4448.011887608069,0.0,525.7489193083574,2776,1
1987,SG | Rainfed,SG,SG,SG,Rainfed,5607.389048991355,0.0,686.3051152737752,2776,1
1988,SG | Rainfed,SG,SG,SG,Rainfed,3114.6066282420747,0.0,394.5126080691643,2776,1
1989,SG | Rainfed,SG,SG,SG,Rainfed,4728.824207492796,0.0,535.0515129682997,2776,1
1990,SG | Rainfed,SG,SG,SG,Rainfed,4991.005403458214,0.0,604.8025936599423,2776,1
1991,SG | Rainfed,SG,SG,SG,Rainfed,1902.686239193084,0.0,407.3015129682997,2776,1
1992,SG | Rainfed,SG,SG,SG,Rainfed,9560.21757925072,0.0,691.5378242074928,2776,1
1993,SG | Rainfed,SG,SG,SG,Rainfed,8534.716858789625,0.0,840.4167867435159,2776,1
1994,SG | Rainfed,SG,SG,SG,Rainfed,4892.17939481268,0.0,467.93551873198845,2776,1
1995,SG | Rainfed,SG,SG,SG,Rainfed,6197.703530259366,0.0,695.828530259366,2776,1
1996,SG | Rainfed,SG,SG,SG,Rainfed,6820.765129682997,0.0,576.5828530259366,2776,1
1997,SG | Rainfed,SG,SG,SG,Rainfed,5291.294308357349,0.0,558.939121037464,2776,1
1998,SG | Rainfed,SG,SG,SG,Rainfed,6064.586095100864,0.0,547.4920749279539,2776,1
1999,SG | Rainfed,SG,SG,SG,Rainfed,5687.674351585015,0.0,659.1123919308358,2776,1
2000,SG | Rainfed,SG,SG,SG,Rainfed,5025.0659221902015,0.0,508.7352305475504,2776,1
2001,SG | Rainfed,SG,SG,SG,Rainfed,3296.550432276657,0.0,578.2417146974063,2776,1
2002,SG | Rainfed,SG,SG,SG,Rainfed,1545.6494956772335,0.0,398.060878962536,2776,1
2003,SG | Rainfed,SG,SG,SG,Rainfed,1147.2175792507203,0.0,429.1480547550432,2776,1
2004,SG | Rainfed,SG,SG,SG,Rainfed,8867.213976945244,0.0,660.9780259365995,2776,1
2005,SG | Rainfed,SG,SG,SG,Rainfed,3830.1494956772335,0.0,650.4438040345822,2776,1
2006,SG | Rainfed,SG,SG,SG,Rainfed,2035.10590778098,0.0,400.4164265129683,2776,1
2007,SG | Rainfed,SG,SG,SG,Rainfed,5888.707853025937,0.0,736.418227665706,2776,1
2008,SG | Rainfed,SG,SG,SG,Rainfed,6225.673270893371,0.0,663.9121037463977,2776,1
2009,SG | Rainfed,SG,SG,SG,Rainfed,6609.878602305475,0.0,633.2496397694524,2776,1
2010,SG | Rainfed,SG,SG,SG,Rainfed,5284.809438040345,0.0,582.0533141210375,2776,1
2011,SG | Rainfed,SG,SG,SG,Rainfed,2193.863112391931,0.0,426.7579250720461,2776,1
2012,SG | Rainfed,SG,SG,SG,Rainfed,878.874279538905,0.0,344.9956772334294,2776,1
2013,SG | Rainfed,SG,SG,SG,Rainfed,4413.634726224784,0.0,572.8216858789625,2776,1
2014,SG | Rainfed,SG,SG,SG,Rainfed,3472.623919308357,0.0,452.6134726224784,2776,1
2015,SG | Rainfed,SG,SG,SG,Rainfed,6389.741714697407,0.0,634.10734870317,2776,1
2016,SG | Rainfed,SG,SG,SG,Rainfed,5926.299711815562,0.0,590.3811239193084,2776,1
2017,SG | Rainfed,SG,SG,SG,Rainfed,5001.138688760807,0.0,628.6195965417868,2776,1
2018,SG | Rainfed,SG,SG,SG,Rainfed,4308.0515129683,0.0,487.6131123919308,2776,1
1982,WT | Potential,WT,WT,WT,Potential,10396.97370317003,0.0,0.0,2776,1
1983,WT | Potential,WT,WT,WT,Potential,14753.493861802875,0.0,0.0,2776,1
1984,WT | Potential,WT,WT,WT,Potential,10680.720844131803,0.0,0.0,2701,1
1985,WT | Potential,WT,WT,WT,Potential,10441.309798270891,0.0,0.0,2776,1
1986,WT | Potential,WT,WT,WT,Potential,11673.39121037464,0.0,0.0,2776,1
1987,WT | Potential,WT,WT,WT,Potential,14096.545028818444,0.0,0.0,2776,1
1988,WT | Potential,WT,WT,WT,Potential,12341.297190201729,0.0,0.0,2776,1
1989,WT | Potential,WT,WT,WT,Potential,9521.457853025937,0.0,0.0,2776,1
1990,WT | Potential,WT,WT,WT,Potential,11133.869956772334,0.0,0.0,2776,1
1991,WT | Potential,WT,WT,WT,Potential,10623.941282420748,0.0,0.0,2776,1
1992,WT | Potential,WT,WT,WT,Potential,13610.02809798271,0.0,0.0,2776,1
1993,WT | Potential,WT,WT,WT,Potential,10602.917146974063,0.0,0.0,2776,1
1994,WT | Potential,WT,WT,WT,Potential,11936.541066282422,0.0,0.0,2776,1
1995,WT | Potential,WT,WT,WT,Potential,14056.15129682997,0.0,0.0,2776,1
1996,WT | Potential,WT,WT,WT,Potential,10039.689121037463,0.0,0.0,2776,1
1997,WT | Potential,WT,WT,WT,Potential,12800.684798270891,0.0,0.0,2776,1
1998,WT | Potential,WT,WT,WT,Potential,13735.974423631123,0.0,0.0,2776,1
1999,WT | Potential,WT,WT,WT,Potential,12973.76909221902,0.0,0.0,2776,1
2000,WT | Potential,WT,WT,WT,Potential,15665.825288184438,0.0,0.0,2776,1
2001,WT | Potential,WT,WT,WT,Potential,11841.727305475504,0.0,0.0,2776,1
2002,WT | Potential,WT,WT,WT,Potential,14306.042507204613,0.0,0.0,2776,1
2003,WT | Potential,WT,WT,WT,Potential,11964.940201729109,0.0,0.0,2776,1
2004,WT | Potential,WT,WT,WT,Potential,13033.241354466858,0.0,0.0,2776,1
2005,WT | Potential,WT,WT,WT,Potential,13213.71181556196,0.0,0.0,2776,1
2006,WT | Potential,WT,WT,WT,Potential,12854.064481268011,0.0,0.0,2776,1
2007,WT | Potential,WT,WT,WT,Potential,10258.960734870318,0.0,0.0,2776,1
2008,WT | Potential,WT,WT,WT,Potential,15128.724423631123,0.0,0.0,2776,1
2009,WT | Potential,WT,WT,WT,Potential,13064.865273775216,0.0,0.0,2776,1
2010,WT | Potential,WT,WT,WT,Potential,10907.851945244956,0.0,0.0,2776,1
2011,WT | Potential,WT,WT,WT,Potential,11393.697766570604,0.0,0.0,2776,1
2012,WT | Potential,WT,WT,WT,Potential,13866.291066282422,0.0,0.0,2776,1
2013,WT | Potential,WT,WT,WT,Potential,15391.979827089335,0.0,0.0,2776,1
2014,WT | Potential,WT,WT,WT,Potential,11125.399495677231,0.0,0.0,2776,1
2015,WT | Potential,WT,WT,WT,Potential,13122.081412103746,0.0,0.0,2776,1
2016,WT | Potential,WT,WT,WT,Potential,15770.440561959656,0.0,0.0,2776,1
2017,WT | Potential,WT,WT,WT,Potential,13361.053314121038,0.0,0.0,2776,1
2018,WT | Potential,WT,WT,WT,Potential,11692.496397694524,0.0,0.0,2776,1
1982,WT | Rainfed,WT,WT,WT,Rainfed,7027.578170028818,0.0,612.7827809798271,2776,1
1983,WT | Rainfed,WT,WT,WT,Rainfed,10273.862855138548,0.0,549.7562258856542,2776,1
1984,WT | Rainfed,WT,WT,WT,Rainfed,9050.71269900037,0.0,648.9259533506109,2701,1
1985,WT | Rainfed,WT,WT,WT,Rainfed,8450.595821325649,0.0,598.9301152737752,2776,1
1986,WT | Rainfed,WT,WT,WT,Rainfed,6976.773054755044,0.0,516.7352305475505,2776,1
1987,WT | Rainfed,WT,WT,WT,Rainfed,11873.768371757926,0.0,690.8595100864553,2776,1
1988,WT | Rainfed,WT,WT,WT,Rainfed,5821.290706051873,0.0,381.34113832853023,2776,1
1989,WT | Rainfed,WT,WT,WT,Rainfed,2309.968299711816,0.0,392.825288184438,2776,1
1990,WT | Rainfed,WT,WT,WT,Rainfed,7658.795028818444,0.0,474.2777377521614,2776,1
1991,WT | Rainfed,WT,WT,WT,Rainfed,5062.886167146974,0.0,415.09834293948126,2776,1
1992,WT | Rainfed,WT,WT,WT,Rainfed,8068.963976945245,0.0,496.8191642651297,2776,1
1993,WT | Rainfed,WT,WT,WT,Rainfed,9320.193083573487,0.0,737.0551152737752,2776,1
1994,WT | Rainfed,WT,WT,WT,Rainfed,6334.081051873199,0.0,437.4405619596542,2776,1
1995,WT | Rainfed,WT,WT,WT,Rainfed,10320.534942363112,0.0,686.1451729106628,2776,1
1996,WT | Rainfed,WT,WT,WT,Rainfed,3431.0493515850144,0.0,397.67615273775215,2776,1
1997,WT | Rainfed,WT,WT,WT,Rainfed,8382.714337175792,0.0,548.4899135446686,2776,1
1998,WT | Rainfed,WT,WT,WT,Rainfed,9740.303314121038,0.0,544.6527377521613,2776,1
1999,WT | Rainfed,WT,WT,WT,Rainfed,11168.234870317005,0.0,759.2456772334294,2776,1
2000,WT | Rainfed,WT,WT,WT,Rainfed,8766.80727665706,0.0,420.6829971181557,2776,1
2001,WT | Rainfed,WT,WT,WT,Rainfed,9722.220821325647,0.0,607.9034582132565,2776,1
2002,WT | Rainfed,WT,WT,WT,Rainfed,6674.860951008645,0.0,433.73883285302594,2776,1
2003,WT | Rainfed,WT,WT,WT,Rainfed,9125.134726224784,0.0,509.3994956772334,2776,1
2004,WT | Rainfed,WT,WT,WT,Rainfed,7464.94992795389,0.0,458.5670028818444,2776,1
2005,WT | Rainfed,WT,WT,WT,Rainfed,9173.652017291066,0.0,597.1087896253603,2776,1
2006,WT | Rainfed,WT,WT,WT,Rainfed,4414.461095100864,0.0,348.6123919308357,2776,1
2007,WT | Rainfed,WT,WT,WT,Rainfed,9364.820244956773,0.0,656.2845821325649,2776,1
2008,WT | Rainfed,WT,WT,WT,Rainfed,9922.836455331411,0.0,641.2089337175793,2776,1
2009,WT | Rainfed,WT,WT,WT,Rainfed,9285.251801152735,0.0,568.9207492795389,2776,1
2010,WT | Rainfed,WT,WT,WT,Rainfed,8211.40597982709,0.0,581.5662824207493,2776,1
2011,WT | Rainfed,WT,WT,WT,Rainfed,4238.539985590778,0.0,394.9643371757925,2776,1
2012,WT | Rainfed,WT,WT,WT,Rainfed,7624.464337175793,0.0,429.1487752161384,2776,1
2013,WT | Rainfed,WT,WT,WT,Rainfed,7025.735951008645,0.0,414.1729106628242,2776,1
2014,WT | Rainfed,WT,WT,WT,Rainfed,3557.561599423631,0.0,431.5280979827089,2776,1
2015,WT | Rainfed,WT,WT,WT,Rainfed,6267.265489913545,0.0,553.3350144092219,2776,1
2016,WT | Rainfed,WT,WT,WT,Rainfed,10323.231268011526,0.0,541.0133285302594,2776,1
2017,WT | Rainfed,WT,WT,WT,Rainfed,9172.31880403458,0.0,533.1775936599423,2776,1
2018,WT | Rainfed,WT,WT,WT,Rainfed,4593.586095100864,0.0,385.65742074927954,2776,1
