year,crop_code,crop_name,gross_value_survey_usd_ac,operating_cost_usd_ac,return_above_operating_survey_usd_ac,total_production_cost_usd_ac,return_above_total_survey_usd_ac,price_usd_bu,survey_yield_bu_ac
1981,MZ,Maize,260.086399999999,207.37,52.7163999999999,278.599999999999,-18.5135999999999,2.38,109.28
1981,SB,Soybean,179.564,108.94,70.624,178.79,0.774,6.05,29.68
1981,SG,Sorghum,141.6375,108.38,33.2575,162.82,-21.1824999999999,2.25,62.95
1981,WT,Wheat,118.96,89.88,29.08,132.85,-13.89,3.63,31.47
1982,MZ,Maize,243.4464,210.97,32.4764,270.86,-27.4136,2.14,113.76
1982,SB,Soybean,160.6716,107.89,52.7816,172.03,-11.3584,5.13,31.32
1982,SG,Sorghum,121.620399999999,106.91,14.7103999999999,154.739999999999,-33.1195999999999,2.11,57.64
1982,WT,Wheat,114.69,88.49,26.2,132.25,-17.56,3.38,32.64
1983,MZ,Maize,252.8196,202.07,50.7496,258.45,-5.63039999999998,3.21,78.76
1983,SB,Soybean,204.474,113.79,90.684,183.81,20.664,7.95,25.72
1983,SG,Sorghum,131.463599999999,102.99,28.4735999999999,157,-25.5364,2.84,46.29
1983,WT,Wheat,132.97,94.37,38.5999999999999,140.78,-7.81,3.48,36.89
1984,MZ,Maize,272.9382,211.07,61.8682,289.02,-16.0817999999999,2.58,105.79
1984,SB,Soybean,166.617,117.62,48.997,176.48,-9.863,6.05,27.54
1984,SG,Sorghum,123.5754,100.82,22.7554,150.959999999999,-27.3845999999999,2.34,52.81
1984,WT,Wheat,118.45,94.47,23.98,135.31,-16.86,3.37,33.79
1985,MZ,Maize,252.1735,197.92,54.2534999999999,277.01,-24.8365,2.15,117.29
1985,SB,Soybean,166.0662,96.7,69.3662,170.07,-4.0038,4.86,34.17
1985,SG,Sorghum,125.190999999999,89.5,35.6909999999999,147.98,-22.789,1.9,65.89
1985,WT,Wheat,96,76.33,19.67,125.26,-29.26,2.98,31.41
1986,MZ,Maize,167.028599999999,165.6,1.42859999999998,243.119999999999,-76.0914,1.41,118.46
1986,SB,Soybean,150.5358,88.57,61.9658,161.2,-10.6642,4.57,32.94
1986,SG,Sorghum,91.6667,80.89,10.7767,133.66,-41.9932999999999,1.37,66.91
1986,WT,Wheat,68.12,67.36,0.760000000000005,112.18,-44.06,2.29,28.79
1987,MZ,Maize,186.5631,158.3,28.2630999999999,244.569999999999,-58.0068999999999,1.57,118.83
1987,SB,Soybean,171.5181,94.53,76.9881,169.06,2.4581,5.07,33.83
1987,SG,Sorghum,96.068,81.96,14.108,135.769999999999,-39.7019999999999,1.4,68.62
1987,WT,Wheat,78.39,68.45,9.93999999999998,114.339999999999,-35.9499999999999,2.39,31.87
1988,MZ,Maize,217.2042,162.939999999999,54.2642,262.569999999999,-45.3657999999999,2.61,83.22
1988,SB,Soybean,201.5028,100.16,101.3428,185.72,15.7828,7.53,26.76
1988,SG,Sorghum,141.7652,87.61,54.1551999999999,153.09,-11.3248,2.36,60.07
1988,WT,Wheat,99.67,70.96,28.7099999999999,125.32,-25.6499999999999,3.5,27.42
1989,MZ,Maize,255.3666,173.839999999999,81.5266,284.89,-29.5233999999999,2.22,115.03
1989,SB,Soybean,175.6328,108.53,67.1028,192.27,-16.6372,5.53,31.76
1989,SG,Sorghum,105.2388,98.8899999999999,6.34880000000001,176.299999999999,-71.0611999999999,2.07,50.84
1989,WT,Wheat,103.3482,75.51,27.8382,144.43,-41.0818,3.81,26.22
1990,MZ,Maize,257.325,177.77,79.5549999999999,292.52,-35.195,2.19,117.5
1990,SB,Soybean,193.635,106.9,86.735,190.54,3.095,5.85,33.1
1990,SG,Sorghum,117.493199999999,95.03,22.4631999999999,164.15,-46.6568,2.07,56.76
1990,WT,Wheat,95.7897999999999,78.95,16.8397999999999,149.49,-53.7002,2.78,33.91
1991,MZ,Maize,254.9778,183.04,71.9378,292.549999999999,-37.5721999999999,2.31,110.38
1991,SB,Soybean,183.8052,114.69,69.1152,196.63,-12.8248,5.49,33.48
1991,SG,Sorghum,124.8954,96.31,28.5854,169.85,-44.9546,2.27,55.02
1991,WT,Wheat,73.8895999999999,75.48,-1.59040000000001,133.96,-60.0704,2.57,28.28
1992,MZ,Maize,274.330999999999,183.25,91.0809999999999,302.33,-27.999,2.05,133.82
1992,SB,Soybean,193.3575,111.96,81.3975,203.02,-9.6625,5.25,36.83
1992,SG,Sorghum,127.670799999999,101.71,25.9607999999999,179.29,-51.6192,1.88,67.91
1992,WT,Wheat,113.4864,74.08,39.4063999999999,150.67,-37.1836,3.32,33.77
1993,MZ,Maize,227.0535,177.89,49.1635,287.099999999999,-60.0464999999999,2.29,99.15
1993,SB,Soybean,186.354,112.77,73.584,204.17,-17.816,6.12,30.45
1993,SG,Sorghum,113.274,106.59,6.68399999999998,178.16,-64.886,2.1,53.94
1993,WT,Wheat,100.4482,78.19,22.2582,153.32,-52.8717999999999,2.99,33.18
1994,MZ,Maize,296.3205,197.209999999999,99.1105,321.47,-25.1495,2.07,143.15
1994,SB,Soybean,219.5564,118.65,100.9064,218.4,1.1564,5.32,41.27
1994,SG,Sorghum,127.1616,114.51,12.6516,191.88,-64.7183999999999,1.92,66.23
1994,WT,Wheat,110.094,82.47,27.6239999999999,154.519999999999,-44.4259999999999,3.16,33.4
1995,MZ,Maize,321.979599999999,207.329999999999,114.649599999999,333.42,-11.4404,2.78,115.82
1995,SB,Soybean,218.5366,121.17,97.3666,219.79,-1.2534,6.26,34.91
1995,SG,Sorghum,143,71.24,71.76,187.05,-44.05,2.75,52
1995,WT,Wheat,134.6736,93.36,41.3135999999999,170.03,-35.3564,4.08,31.92
1996,MZ,Maize,369.93,160.95,208.98,353.94,15.99,2.82,130
1996,SB,Soybean,256.361,126.8,129.561,233.77,22.591,6.91,37.1
1996,SG,Sorghum,170.1,75.27,94.83,200.69,-30.59,2.7,63
1996,WT,Wheat,152.2924,95.46,56.8323999999999,180.48,-28.1876,4.84,30.36
1997,MZ,Maize,331.37,162.25,169.12,363.73,-32.36,2.52,130
1997,SB,Soybean,281.22,79.47,199.31,245.83,32.94,6.54,43
1997,SG,Sorghum,153.43,76.31,77.12,201.57,-48.14,2.29,67
1997,WT,Wheat,130.821,97.65,33.1709999999999,180.27,-49.449,3.49,35.9
1998,MZ,Maize,262.88,157.71,105.17,362.86,-99.98,1.91,136
1998,SB,Soybean,223.17,79.32,143.85,247.56,-24.39,5.19,43
1998,SG,Sorghum,107.59,74.07,33.52,194.36,-86.77,2.03,53
1998,WT,Wheat,114.27,57.41,56.86,165.19,-50.92,2.68,41
1999,MZ,Maize,230.7,156.92,73.78,364.73,-134.03,1.69,135
1999,SB,Soybean,178,76.33,101.67,249.02,-71.02,4.45,40
1999,SG,Sorghum,96.66,76.98,19.68,191.91,-95.25,1.79,54
1999,WT,Wheat,98.78,54.82,43.96,166.15,-67.37,2.48,39
2000,MZ,Maize,246.67,164.99,81.68,378.32,-131.65,1.77,138
2000,SB,Soybean,182.45,77.28,105.17,254.1,-71.65,4.45,41
2000,SG,Sorghum,88.62,80.95,7.67,195.19,-106.57,2.11,42
2000,WT,Wheat,95.7,58.38,37.32,173.86,-78.16,2.46,38
2001,MZ,Maize,266.92,162.3,104.62,348.53,-81.61,1.84,144
2001,SB,Soybean,178.62,81.83,96.79,264.08,-85.46,4.15,43
2001,SG,Sorghum,93.86,92.26,1.6,208.83,-114.97,2.47,38
2001,WT,Wheat,98.4,64.94,33.46,183.34,-84.94,2.76,35
2002,MZ,Maize,312.82,145.48,167.34,334.31,-21.49,2.32,134
2002,SB,Soybean,208,73.5,134.5,232,-24,5.2,40
2002,SG,Sorghum,95.37,80.4,14.97,202.66,-107.29,2.89,33
2002,WT,Wheat,95.17,57.07,38.1,175.63,-80.46,3.28,28
2003,MZ,Maize,319.62,161.16,158.46,354.41,-34.79,2.13,149
2003,SB,Soybean,233.47,77.66,155.81,238.49,-5.02,6.56,36
2003,SG,Sorghum,110.55,86.39,24.16,215.83,-105.28,2.25,47
2003,WT,Wheat,130.02,67.68,62.34,191.12,-61.1,3.11,41
2004,MZ,Maize,362.35,175.94,186.41,377.5,-15.15,2.13,169
2004,SB,Soybean,253.46,81.77,171.69,249.01,4.45,5.6,45
2004,SG,Sorghum,118.26,93.24,25.02,225.93,-107.67,1.76,63
2004,WT,Wheat,142.48,70.82,71.66,190.6,-48.12,3.44,40
2005,MZ,Maize,260.43,186.37,74.06,386.88,-126.45,1.74,149
2005,SB,Soybean,264.57,90.21,174.36,264.39,0.18,5.68,47
2005,SG,Sorghum,115.34,107.74,7.6,247.44,-132.1,1.71,63
2005,WT,Wheat,132.68,79.45,53.23,207.45,-74.77,3.17,40
2006,MZ,Maize,351.87,205.98,145.89,409.74,-57.87,2.54,138
2006,SB,Soybean,254.84,93.41,161.43,278.09,-23.25,5.54,46
2006,SG,Sorghum,133.08,114.12,18.96,257.53,-124.45,2.95,43
2006,WT,Wheat,144.01,85.01,59,216.78,-72.77,4.12,33
2007,MZ,Maize,468.94,228.99,239.95,443.97,24.97,3.27,143
2007,SB,Soybean,357.75,106.63,251.12,297.05,60.7,7.95,45
2007,SG,Sorghum,246.09,128.7,117.39,279.95,-33.86,3.46,68
2007,WT,Wheat,204.11,93.03,111.08,231.99,-27.88,5.25,37
2008,MZ,Maize,629.36,295.69,333.67,529.38,99.98,4.36,144
2008,SB,Soybean,450.64,127.79,322.85,334.69,115.95,10.48,43
2008,SG,Sorghum,251.7,156.4,95.3,320.33,-68.63,4.07,59
2008,WT,Wheat,333.83,125.68,208.15,277.4,56.43,7.86,41
2009,MZ,Maize,561.22,295.01,266.21,550.7,10.52,3.59,156
2009,SB,Soybean,437.1,130.49,306.61,358.27,78.83,9.3,47
2009,SG,Sorghum,192.92,139.82,53.1,313.46,-120.54,3.06,60
2009,WT,Wheat,228.7,112.92,115.78,263.24,-34.54,5.54,40
2010,MZ,Maize,689.39,286.41,402.98,550.2,139.19,4.33,159
2010,SB,Soybean,449.32,131.89,317.43,364.09,85.23,9.56,47
2010,SG,Sorghum,302.25,141.71,160.54,319.13,-16.88,4.37,67
2010,WT,Wheat,222.24,102.78,119.46,257.4,-35.17,4.75,45
2011,MZ,Maize,837.77,332.33,505.44,613.46,224.31,5.73,146
2011,SB,Soybean,525.36,136.87,388.49,383.04,142.32,11.94,44
2011,SG,Sorghum,268.66,132.47,136.19,285.61,-16.95,6.02,44
2011,WT,Wheat,285.71,121.89,163.82,287.57,-1.86,7.35,38
2012,MZ,Maize,802.55,349.59,452.96,653.57,148.98,6.79,118
2012,SB,Soybean,596.82,172.29,424.53,437.59,159.23,14.21,42
2012,SG,Sorghum,242.88,142.85,100.03,307.54,-64.66,6.63,36
2012,WT,Wheat,342.7,126.72,215.98,302,40.7,7.58,44
2013,MZ,Maize,720.51,355.6,364.91,676.45,44.06,4.61,156
2013,SB,Soybean,571.04,176.63,394.41,458.31,112.73,13.28,43
2013,SG,Sorghum,185.82,143.64,42.18,315.96,-130.14,4.26,43
2013,WT,Wheat,286.63,128.15,158.48,312.03,-25.4,7.09,39
2014,MZ,Maize,603.18,356.92,246.26,689.8,-86.62,3.54,170
2014,SB,Soybean,522.24,176.79,345.45,466.72,55.52,10.88,48
2014,SG,Sorghum,191.45,142.65,48.8,320.56,-129.11,3.52,53
2014,WT,Wheat,247.53,126.33,121.2,316.28,-68.75,6.44,37
2015,MZ,Maize,612.6,333.8,278.8,675.33,-62.73,3.66,167
2015,SB,Soybean,430.56,166.97,263.59,463.3,-32.74,8.97,48
2015,SG,Sorghum,220.08,132.58,87.5,313.9,-93.82,3.57,60
2015,WT,Wheat,213.9,116.35,97.55,310.5,-96.6,5.12,40
2016,MZ,Maize,603.92,340.55,263.37,678.48,-74.56,3.29,183
2016,SB,Soybean,491.92,160.31,331.61,443.46,48.46,9.46,52
2016,SG,Sorghum,176.43,124.93,51.5,304.08,-127.65,2.74,63
2016,WT,Wheat,208.46,108.8,99.66,300.94,-92.48,3.93,51
2017,MZ,Maize,600.03,326.26,273.77,666.28,-66.25,3.25,184
2017,SB,Soybean,454.72,158.08,296.64,443.5,11.22,9.28,49
2017,SG,Sorghum,185.71,123.32,62.39,305.29,-119.58,3.17,57
2017,WT,Wheat,224.61,122.89,101.72,306.76,-82.15,4.8,46
2018,MZ,Maize,628.11,332.73,295.38,685.11,-57,3.42,183
2018,SB,Soybean,458.91,187.16,271.75,495.86,-36.95,8.61,53
2018,SG,Sorghum,182,123.09,58.91,308.98,-126.98,3.23,55
2018,WT,Wheat,258.28,128.76,129.52,322.5,-64.22,5.21,49
